geoid,male_35_39,male_40_44,female_35_39,female_40_44
04013010102,96,66,142,17
04013010103,40,140,123,110
04013010104,0,0,0,0
04013030401,37,22,86,0
04013030402,32,35,60,44
04013040502,101,85,18,82
04013040506,37,0,0,0
04013040507,3,0,36,23
04013040512,0,0,0,4
04013040513,10,0,12,0
04013040514,0,16,0,0
04013040515,84,145,75,93
04013040516,421,83,302,134
04013040522,20,0,0,0
04013040523,0,0,0,0
04013040524,0,0,0,8
04013040525,0,56,0,6
04013040526,0,0,0,55
04013040527,18,116,132,84
04013040528,73,18,0,0
04013040529,0,0,0,0
04013040530,120,24,17,111
04013040531,72,0,85,23
04013040532,290,300,337,353
04013040533,197,151,157,67
04013040534,0,0,0,0
04013040535,203,184,323,88
04013040536,133,497,323,416
04013040537,96,87,132,26
04013040538,308,36,189,112
04013040539,164,75,143,215
04013040540,42,356,172,157
04013040541,24,184,72,260
04013050603,362,119,319,114
04013050604,199,105,269,13
04013050609,91,143,105,146
04013050611,340,242,393,276
04013050612,500,314,533,376
04013050613,260,184,227,171
04013050614,62,204,70,91
04013050615,334,221,260,155
04013050616,34,87,88,143
04013050617,129,140,177,142
04013050618,261,464,513,272
04013050619,576,125,340,180
04013050620,337,425,505,289
04013050621,424,454,271,362
04013050701,161,172,264,207
04013050702,221,100,223,208
04013060801,151,151,196,98
04013060802,167,182,190,138
04013060901,375,91,244,291
04013060902,45,158,151,170
04013060903,207,118,172,214
04013060904,131,156,92,229
04013061010,261,128,165,194
04013061011,544,524,149,443
04013061013,272,285,209,231
04013061014,221,36,228,83
04013061015,115,132,165,142
04013061017,71,157,809,656
04013061018,0,0,0,20
04013061020,91,96,108,139
04013061021,49,128,53,136
04013061024,116,119,160,79
04013061026,101,333,140,343
04013061027,67,76,231,106
04013061028,97,92,58,170
04013061029,228,116,262,138
04013061031,126,408,244,641
04013061032,118,330,161,211
04013061033,163,120,128,261
04013061034,282,342,328,493
04013061035,311,144,349,164
04013061036,149,115,256,95
04013061037,355,241,347,216
04013061038,344,137,267,159
04013061039,312,249,290,190
04013061040,212,117,201,169
04013061041,98,167,100,106
04013061042,90,34,82,20
04013061043,80,76,91,96
04013061044,406,472,230,480
04013061045,371,286,352,190
04013061046,143,83,179,151
04013061047,146,193,234,238
04013061048,111,129,81,99
04013061049,150,208,163,254
04013061050,330,145,170,330
04013061051,73,354,71,425
04013061052,274,238,396,272
04013061053,627,241,471,360
04013061054,396,145,240,19
04013061055,245,272,201,298
04013061056,208,52,303,70
04013061057,101,192,31,215
04013061058,175,125,132,147
04013061059,263,255,263,118
04013061060,150,19,144,73
04013061061,142,73,60,116
04013061062,300,206,173,513
04013061063,44,28,86,0
04013061064,12,68,96,125
04013061100,32,56,96,57
04013061200,231,321,90,158
04013061300,48,98,96,102
04013061401,71,157,54,114
04013061402,244,217,308,137
04013071503,0,14,0,13
04013071504,0,33,18,0
04013071505,0,276,23,15
04013071506,0,10,85,16
04013071509,217,157,201,91
04013071510,144,126,217,157
04013071511,99,104,106,158
04013071512,205,248,179,159
04013071513,76,33,77,45
04013071514,64,54,393,201
04013071515,11,41,80,69
04013071516,50,78,90,99
04013071517,198,155,191,166
04013071600,84,166,84,142
04013071701,104,179,70,79
04013071702,14,11,0,31
04013071801,0,26,0,62
04013071802,0,0,25,16
04013071903,257,346,325,169
04013071906,257,112,197,45
04013071909,148,75,101,190
04013071910,289,94,359,79
04013071911,175,147,77,112
04013071912,138,67,79,140
04013071913,105,133,218,336
04013071914,158,67,123,68
04013071915,206,156,54,87
04013082002,127,201,156,161
04013082007,190,122,141,194
04013082008,331,199,94,127
04013082009,70,127,141,195
04013082010,83,240,296,215
04013082012,119,291,229,248
04013082016,228,106,105,71
04013082017,182,223,308,141
04013082018,46,78,167,161
04013082019,59,70,112,28
04013082020,140,229,126,158
04013082021,53,126,49,40
04013082022,236,142,302,141
04013082023,248,178,148,223
04013082024,178,128,136,240
04013082025,108,103,171,110
04013082026,355,92,230,130
04013082027,383,181,271,198
04013082028,221,203,151,97
04013082204,279,307,340,165
04013082205,378,139,288,323
04013082206,211,344,156,356
04013082207,175,152,155,141
04013082208,182,136,109,108
04013082209,53,73,72,40
04013082210,66,109,122,306
04013082211,501,224,235,271
04013082212,256,469,341,181
04013082213,302,378,218,251
04013083000,223,317,286,316
04013092305,323,141,187,107
04013092306,216,61,150,69
04013092307,283,103,221,214
04013092308,230,269,415,191
04013092309,209,206,313,89
04013092311,62,128,38,44
04013092312,327,0,84,201
04013092401,153,256,137,129
04013092402,77,74,59,140
04013092500,81,147,135,152
04013092600,26,236,53,157
04013092705,118,74,143,132
04013092708,63,15,38,64
04013092709,90,248,167,130
04013092710,151,250,36,308
04013092711,68,164,179,109
04013092712,136,143,277,162
04013092713,364,115,270,109
04013092715,259,149,128,176
04013092716,66,113,228,94
04013092717,229,103,364,207
04013092718,227,80,172,126
04013092719,221,200,224,87
04013092720,200,338,149,163
04013092721,163,215,165,158
04013092723,105,85,71,121
04013092724,212,158,153,191
04013092801,225,64,105,215
04013092802,315,109,210,108
04013092900,109,116,169,149
04013093001,195,150,266,122
04013093002,160,337,96,257
04013093101,87,285,256,280
04013093104,118,106,144,301
04013093105,205,254,56,233
04013093106,35,90,175,156
04013093200,84,46,140,175
04013103205,186,68,87,94
04013103206,69,77,57,114
04013103207,49,88,61,26
04013103208,119,65,114,18
04013103209,54,81,154,142
04013103210,251,220,316,106
04013103211,182,130,58,98
04013103212,84,221,136,143
04013103214,74,138,57,138
04013103215,92,88,64,158
04013103216,212,177,134,122
04013103217,296,126,201,37
04013103219,156,43,121,85
04013103220,106,188,38,109
04013103302,225,237,165,80
04013103303,89,232,91,120
04013103304,124,190,211,101
04013103305,165,248,142,202
04013103306,211,94,223,158
04013103400,189,165,133,118
04013103501,36,110,79,143
04013103502,283,165,276,301
04013103604,181,225,267,223
04013103605,173,157,176,266
04013103606,323,138,202,69
04013103607,164,125,362,53
04013103608,138,156,112,206
04013103609,224,138,251,253
04013103611,141,99,20,253
04013103612,137,127,168,189
04013103614,89,101,140,155
04013103615,241,248,334,188
04013103701,238,162,176,105
04013103702,66,150,43,105
04013103900,173,142,370,262
04013104000,181,30,188,227
04013104100,490,265,151,244
04013104202,89,169,114,292
04013104203,198,340,302,308
04013104204,103,70,191,128
04013104205,421,163,176,384
04013104206,109,63,82,69
04013104207,145,63,96,135
04013104212,247,278,275,295
04013104214,36,66,50,67
04013104215,83,175,85,178
04013104216,245,35,153,81
04013104217,128,140,251,89
04013104218,50,121,238,119
04013104219,192,47,62,82
04013104221,150,235,142,84
04013104222,247,197,168,349
04013104223,36,59,30,77
04013104224,245,253,91,289
04013104225,181,142,196,155
04013104226,256,142,128,68
04013104227,53,42,73,77
04013104301,76,337,144,269
04013104302,128,121,159,126
04013104401,102,176,158,166
04013104402,163,31,21,15
04013104501,174,66,154,38
04013104502,57,415,138,358
04013104600,120,176,61,75
04013104701,56,86,86,45
04013104702,115,130,85,201
04013104801,91,226,142,85
04013104802,283,99,227,177
04013104900,120,198,168,216
04013105002,33,52,43,34
04013105003,46,82,155,66
04013105004,24,122,102,41
04013105101,85,183,139,173
04013105102,133,90,258,144
04013105103,23,329,9,214
04013105200,264,246,173,184
04013105300,30,171,65,239
04013105400,138,104,101,82
04013105501,151,71,95,101
04013105502,103,47,30,105
04013105503,449,125,175,90
04013105601,259,220,186,129
04013105602,151,208,235,82
04013105701,83,53,149,128
04013105702,148,189,114,73
04013105800,279,211,248,343
04013105900,240,268,426,121
04013106001,97,59,52,21
04013106002,93,71,90,22
04013106003,129,155,161,112
04013106100,186,106,99,114
04013106200,145,150,134,149
04013106300,258,151,419,123
04013106400,90,159,13,88
04013106501,149,157,158,154
04013106502,247,165,141,197
04013106600,334,109,136,75
04013106701,89,74,212,91
04013106702,34,47,47,33
04013106703,149,121,132,98
04013106801,209,209,70,219
04013106802,183,98,290,60
04013106900,321,72,303,131
04013107001,277,110,222,75
04013107002,104,54,157,105
04013107101,144,118,199,131
04013107102,241,17,127,19
04013107201,0,20,38,0
04013107202,145,231,107,284
04013107300,117,227,185,441
04013107401,95,91,52,112
04013107402,65,66,113,19
04013107403,35,127,69,9
04013107404,61,0,21,5
04013107500,76,234,171,234
04013107601,258,100,173,27
04013107602,143,122,178,28
04013107700,129,37,261,62
04013107800,8,7,40,25
04013107900,54,77,54,77
04013108000,80,82,101,99
04013108100,54,76,83,34
04013108200,135,116,141,154
04013108301,211,83,259,153
04013108302,60,76,104,127
04013108400,131,207,464,334
04013108501,116,54,123,88
04013108502,121,178,218,146
04013108601,142,169,71,13
04013108602,251,278,202,303
04013108802,109,75,99,59
04013108901,70,157,116,78
04013108902,166,171,141,304
04013109001,279,183,71,188
04013109002,98,173,199,76
04013109003,304,193,224,329
04013109101,189,89,168,88
04013109102,367,187,363,139
04013109200,112,278,128,166
04013109300,280,395,91,281
04013109401,85,43,119,95
04013109402,119,149,55,171
04013109500,322,318,346,350
04013109601,82,191,65,165
04013109602,285,367,288,313
04013109603,31,31,132,84
04013109604,188,93,204,120
04013109702,176,107,173,112
04013109703,38,165,54,84
04013109704,37,135,137,84
04013109705,42,76,42,57
04013109706,108,47,68,184
04013109707,374,58,116,296
04013109801,148,114,193,108
04013109802,117,81,100,270
04013109900,368,304,119,68
04013110001,119,36,172,135
04013110002,175,251,274,132
04013110100,61,399,129,287
04013110400,84,85,119,362
04013110501,191,202,122,73
04013110502,453,178,52,66
04013110600,155,236,89,127
04013110701,134,60,99,121
04013110702,143,127,66,61
04013110801,330,187,167,139
04013110802,45,94,82,65
04013110901,91,234,218,25
04013110902,170,179,158,226
04013111000,197,141,168,143
04013111100,219,184,269,211
04013111201,199,231,225,84
04013111202,16,48,13,52
04013111203,114,129,45,43
04013111204,243,182,111,123
04013111300,262,159,29,89
04013111401,91,228,61,201
04013111402,101,138,127,9
04013111501,25,83,98,91
04013111502,133,333,204,207
04013111601,86,72,148,206
04013111602,177,103,92,264
04013111700,311,203,410,370
04013111800,64,149,244,41
04013111900,78,112,64,74
04013112100,98,233,92,165
04013112201,159,135,74,146
04013112202,152,129,141,114
04013112301,246,542,138,83
04013112302,151,178,146,286
04013112401,164,180,206,111
04013112402,125,257,32,209
04013112502,296,197,223,189
04013112504,98,146,112,148
04013112507,110,28,98,111
04013112508,55,104,103,117
04013112510,107,206,171,84
04013112512,54,48,44,11
04013112514,193,70,74,217
04013112515,141,360,204,110
04013112516,231,223,36,142
04013112517,220,151,205,177
04013112518,328,212,197,193
04013112519,166,111,319,156
04013112520,165,226,98,311
04013112521,42,118,57,205
04013112522,172,201,96,443
04013112523,145,60,254,92
04013112524,261,37,362,83
04013112601,25,101,104,41
04013112602,360,373,259,275
04013112700,261,274,397,135
04013112900,166,281,131,197
04013113000,167,89,98,115
04013113100,237,158,77,98
04013113201,160,46,79,48
04013113202,152,62,52,65
04013113204,209,87,25,32
04013113301,134,43,32,51
04013113502,138,47,117,92
04013113503,92,108,156,140
04013113601,111,222,130,85
04013113602,61,287,152,200
04013113701,147,541,152,357
04013113702,45,95,125,80
04013113800,150,122,111,121
04013113900,9,22,24,98
04013114000,169,50,7,0
04013114100,200,158,112,51
04013114200,7,44,20,7
04013114301,37,61,28,48
04013114302,27,100,39,139
04013114401,20,63,65,26
04013114402,65,106,46,129
04013114500,51,282,86,121
04013114600,33,69,35,58
04013114704,107,133,34,6
04013114705,385,278,23,59
04013114800,104,180,128,88
04013114900,99,56,45,98
04013115200,135,136,84,153
04013115300,44,20,36,128
04013115400,30,46,33,10
04013115500,136,206,139,28
04013115600,204,145,277,105
04013115700,259,197,138,158
04013115801,146,189,183,112
04013115802,117,66,130,362
04013115900,172,181,233,419
04013116000,218,331,146,146
04013116100,116,273,178,236
04013116202,188,66,235,151
04013116203,438,225,220,173
04013116204,186,200,211,179
04013116205,46,212,128,139
04013116300,150,174,124,207
04013116400,124,194,109,186
04013116500,30,162,153,104
04013116605,578,189,344,159
04013116606,228,313,257,186
04013116607,127,101,116,109
04013116610,276,209,255,206
04013116611,164,69,141,86
04013116612,389,277,225,266
04013116614,113,124,28,152
04013116615,152,170,30,119
04013116616,108,224,239,344
04013116617,369,81,200,125
04013116618,337,120,212,435
04013116619,135,259,138,194
04013116620,225,368,417,314
04013116621,270,244,339,110
04013116703,328,158,323,165
04013116707,99,106,76,101
04013116708,103,212,129,12
04013116709,87,12,121,75
04013116710,36,313,81,355
04013116711,99,55,52,104
04013116712,197,138,287,419
04013116713,59,526,188,276
04013116714,93,153,130,142
04013116715,51,119,40,68
04013116717,131,104,35,200
04013116718,43,63,89,60
04013116719,203,271,186,220
04013116720,81,97,110,102
04013116721,141,192,109,179
04013116725,177,117,135,207
04013116727,98,74,65,105
04013116728,88,191,163,83
04013116729,22,124,78,159
04013116730,46,65,68,73
04013116731,91,142,53,158
04013116732,76,196,119,150
04013116733,0,0,0,0
04013116734,48,60,46,26
04013116735,0,127,185,120
04013116736,8,197,132,145
04013116737,86,209,87,155
04013116738,11,222,239,235
04013116800,80,110,100,44
04013116900,116,106,103,62
04013117000,328,250,242,126
04013117100,98,144,122,103
04013117200,56,64,23,58
04013117300,34,62,267,64
04013216806,48,110,128,163
04013216807,111,89,169,184
04013216809,16,123,41,149
04013216810,57,84,62,63
04013216813,267,4,198,19
04013216816,165,116,163,283
04013216819,156,138,97,143
04013216820,76,121,153,192
04013216821,60,118,53,161
04013216822,123,39,10,96
04013216826,104,120,245,129
04013216829,38,94,139,16
04013216830,115,62,104,106
04013216831,93,78,8,101
04013216832,44,131,35,172
04013216833,99,39,69,83
04013216834,118,30,66,207
04013216835,100,45,62,64
04013216836,53,121,14,134
04013216837,224,125,154,60
04013216838,214,161,278,108
04013216839,169,212,85,132
04013216840,75,222,139,272
04013216841,138,70,116,133
04013216842,75,18,80,135
04013216843,63,25,65,38
04013216844,63,43,48,136
04013216845,77,79,145,48
04013216849,72,170,56,220
04013216850,260,108,43,254
04013216851,43,53,23,157
04013216852,61,45,246,61
04013216853,151,94,358,264
04013216854,73,158,129,228
04013216855,95,60,62,102
04013216856,16,140,19,77
04013216857,98,88,0,89
04013216858,0,0,0,0
04013216859,85,191,142,257
04013216860,28,23,130,47
04013216861,99,163,148,228
04013216901,97,195,78,65
04013216902,88,148,153,71
04013217001,189,92,87,100
04013217002,181,102,83,82
04013217101,122,163,59,125
04013217102,44,165,99,97
04013217201,75,56,12,40
04013217203,167,0,21,0
04013217204,99,90,77,38
04013217300,239,114,124,0
04013217400,121,102,149,95
04013217501,33,187,106,152
04013217502,327,91,129,64
04013217600,206,103,176,49
04013217700,118,175,95,240
04013217800,271,63,182,94
04013217900,167,94,55,103
04013218000,216,113,299,154
04013218100,94,156,106,46
04013218200,53,45,149,218
04013218300,255,17,244,65
04013318400,100,291,311,105
04013318501,219,125,92,145
04013318700,95,67,20,67
04013318800,171,294,322,158
04013318900,174,290,126,44
04013319001,0,0,0,0
04013319002,80,32,47,30
04013319101,84,0,61,0
04013319103,20,17,70,29
04013319104,122,89,95,17
04013319201,299,132,297,239
04013319202,92,78,180,168
04013319300,122,37,0,40
04013319401,129,346,129,223
04013319402,302,205,130,87
04013319403,172,179,166,115
04013319404,152,73,51,42
04013319500,243,278,324,120
04013319600,353,196,60,117
04013319705,164,117,143,164
04013319706,282,95,181,343
04013319707,0,0,0,0
04013319708,65,58,117,97
04013319709,0,0,0,0
04013319710,68,89,33,40
04013319801,27,108,156,22
04013319802,104,41,81,167
04013319902,81,102,91,97
04013319903,233,191,156,172
04013319904,199,135,368,169
04013319905,268,63,307,54
04013319906,220,63,81,95
04013319907,42,54,50,23
04013319908,135,97,53,52
04013319909,97,52,101,74
04013319910,116,189,141,137
04013320001,735,118,309,438
04013320002,60,188,167,52
04013320007,265,309,385,179
04013320100,290,69,74,38
04013420104,87,174,90,152
04013420105,178,125,224,102
04013420107,384,216,166,116
04013420108,44,164,113,40
04013420109,115,227,185,186
04013420110,105,120,97,144
04013420111,97,100,149,135
04013420112,62,102,86,84
04013420113,28,71,54,65
04013420114,140,207,78,96
04013420115,73,159,100,92
04013420116,108,90,57,42
04013420202,133,120,34,235
04013420206,0,57,32,62
04013420207,23,22,24,186
04013420208,223,186,265,229
04013420209,36,65,74,71
04013420210,278,129,185,188
04013420211,250,57,126,214
04013420212,89,25,109,48
04013420213,13,13,0,0
04013420214,88,158,111,36
04013420215,129,183,114,117
04013420216,75,118,48,137
04013420301,5,57,63,72
04013420302,38,269,138,176
04013420303,151,116,189,107
04013420304,9,31,14,31
04013420401,153,153,121,154
04013420402,331,153,382,108
04013420503,61,25,148,76
04013420504,120,37,124,121
04013420505,104,149,131,60
04013420506,84,77,8,41
04013420602,147,174,204,125
04013420603,115,191,186,133
04013420604,142,142,224,207
04013420704,119,142,79,131
04013420705,48,71,83,58
04013420706,138,274,199,210
04013420707,0,8,0,17
04013420708,0,42,64,25
04013420709,48,10,29,9
04013420710,109,57,74,35
04013420800,152,215,82,204
04013420901,51,88,51,78
04013420902,133,114,110,126
04013421001,133,253,116,160
04013421002,91,80,71,48
04013421101,266,48,222,118
04013421102,217,292,232,146
04013421201,494,337,185,91
04013421202,184,179,215,118
04013421302,147,247,312,208
04013421303,267,180,197,127
04013421304,192,54,165,57
04013421400,123,110,21,57
04013421501,231,30,177,251
04013421502,80,147,49,120
04013421601,101,127,76,187
04013421602,265,132,149,183
04013421701,232,241,96,140
04013421702,76,121,180,233
04013421801,121,277,56,119
04013421802,92,102,148,134
04013421901,295,159,270,106
04013421902,99,270,195,175
04013422001,95,120,88,162
04013422002,251,97,88,135
04013422102,152,221,121,188
04013422103,79,151,218,141
04013422104,233,349,206,293
04013422105,164,158,170,47
04013422106,163,206,320,220
04013422107,91,190,73,26
04013422203,107,218,93,199
04013422209,330,283,262,150
04013422210,328,313,274,293
04013422211,158,106,84,105
04013422212,122,130,144,93
04013422213,117,139,48,107
04013422215,50,143,86,68
04013422216,157,43,258,162
04013422217,144,59,111,138
04013422218,104,286,67,104
04013422219,224,143,79,192
04013422220,64,59,74,92
04013422221,117,224,111,96
04013422222,85,65,101,46
04013422223,85,113,63,166
04013422224,0,0,0,0
04013422225,0,0,0,0
04013422226,0,0,0,0
04013422227,68,43,52,33
04013422301,105,252,189,133
04013422302,238,166,80,251
04013422304,31,60,52,58
04013422305,231,153,306,83
04013422307,233,133,208,105
04013422308,248,247,346,79
04013422309,177,223,160,228
04013422401,246,135,160,32
04013422402,236,212,244,164
04013422403,166,149,189,192
04013422404,155,208,152,149
04013422501,201,196,178,167
04013422502,220,297,185,238
04013422503,207,217,167,251
04013422504,147,151,112,165
04013422506,288,121,227,157
04013422507,216,161,157,102
04013422508,166,40,52,128
04013422509,185,146,173,250
04013422510,80,111,140,37
04013422511,65,66,50,90
04013422512,148,255,110,208
04013422513,143,163,151,213
04013422514,239,160,113,200
04013422607,17,25,57,0
04013422609,127,118,86,204
04013422610,68,13,66,14
04013422615,370,67,194,207
04013422617,210,85,208,101
04013422618,12,28,0,0
04013422620,107,170,81,172
04013422621,100,229,216,127
04013422622,200,158,228,162
04013422623,164,495,309,605
04013422624,0,22,0,0
04013422625,69,180,109,156
04013422626,33,0,34,42
04013422627,180,121,169,70
04013422628,75,220,166,167
04013422629,110,127,43,206
04013422630,91,215,184,85
04013422632,94,80,67,108
04013422633,91,73,59,178
04013422634,180,49,53,58
04013422636,13,187,159,202
04013422637,115,56,190,139
04013422638,287,61,208,40
04013422639,15,0,0,0
04013422640,132,23,217,35
04013422642,145,206,134,130
04013422643,154,249,161,309
04013422647,537,441,553,438
04013422648,185,294,283,212
04013422649,315,173,157,237
04013422650,19,38,14,74
04013422651,199,201,236,153
04013422652,0,33,0,14
04013422653,124,152,165,198
04013422654,225,283,351,223
04013422655,209,106,185,193
04013422656,302,371,265,320
04013422657,188,94,190,171
04013422658,222,250,320,250
04013422659,9,22,89,8
04013422660,387,108,214,147
04013522801,0,0,0,0
04013522802,0,7,0,0
04013522901,337,170,152,62
04013522903,256,157,124,240
04013522904,90,62,146,114
04013523002,79,184,151,179
04013523005,329,184,464,138
04013523006,370,275,227,170
04013523007,25,72,164,177
04013523008,207,122,62,80
04013523102,225,355,198,338
04013523103,178,277,254,248
04013523104,576,238,297,254
04013610001,23,34,28,76
04013610002,171,295,117,373
04013610100,9,32,5,37
04013610201,30,132,72,165
04013610202,27,70,0,31
04013610301,95,58,82,175
04013610302,128,282,143,445
04013610400,280,219,126,201
04013610500,309,77,196,133
04013610600,269,128,296,156
04013610700,191,153,253,176
04013610800,278,336,302,429
04013610901,179,221,87,383
04013610902,267,231,163,92
04013610903,107,234,89,211
04013611000,119,116,115,196
04013611100,119,323,220,147
04013611200,221,344,304,225
04013611300,325,153,302,259
04013611400,160,208,220,338
04013611500,263,536,505,306
04013611600,91,33,66,97
04013611700,155,128,309,198
04013611800,256,293,196,194
04013611900,101,200,116,136
04013612000,121,208,166,130
04013612200,294,381,399,373
04013612301,321,167,408,100
04013612302,126,263,323,265
04013612401,110,124,181,253
04013612402,234,115,205,116
04013612500,75,235,169,109
04013612600,45,53,36,51
04013612700,44,62,31,82
04013612800,92,39,71,108
04013612900,49,95,90,66
04013613000,129,115,159,115
04013613100,7,75,14,46
04013613200,63,28,134,28
04013613300,202,173,245,165
04013613400,186,82,104,85
04013613500,97,183,108,413
04013613601,91,138,125,130
04013613602,426,225,281,194
04013613700,187,374,305,211
04013613800,146,120,150,63
04013613900,248,146,179,277
04013614000,198,152,144,72
04013614100,130,305,236,209
04013614200,142,79,110,156
04013614300,86,76,115,44
04013614400,150,62,218,74
04013614500,150,119,98,183
04013614601,224,28,89,108
04013614602,226,93,273,119
04013614700,157,168,111,169
04013614800,43,196,101,212
04013614900,119,236,173,95
04013615001,222,387,204,331
04013615002,155,283,199,208
04013615100,251,201,204,176
04013615201,259,256,218,413
04013615202,46,118,104,136
04013615300,0,0,0,0
04013615400,49,36,0,0
04013615500,12,6,12,0
04013615600,114,17,71,56
04013615700,138,120,96,43
04013615800,82,136,110,136
04013615900,177,86,158,53
04013616000,34,45,38,27
04013616100,68,125,42,136
04013616200,189,80,96,177
04013616300,46,57,52,70
04013616400,572,248,526,196
04013616500,142,127,63,197
04013616600,116,123,131,200
04013616700,201,109,226,203
04013616800,170,81,218,160
04013616900,139,143,28,86
04013617001,0,0,0,0
04013617002,64,117,147,269
04013617100,146,107,66,80
04013617200,79,143,131,131
04013617300,93,135,98,159
04013617400,135,195,269,68
04013617500,11,36,16,12
04013617600,279,157,127,188
04013617700,151,30,70,145
04013617800,78,75,49,63
04013617900,68,56,86,22
04013618000,112,109,194,145
04013618100,171,120,89,183
04013618200,115,235,255,131
04013618300,59,173,75,115
04013618400,113,110,111,193
04013618500,405,33,231,80
04013618600,187,92,170,129
04013618700,202,129,86,120
04013618800,162,226,309,98
04013618900,160,82,72,256
04013619000,74,14,39,364
04013619100,248,87,210,44
04013619200,255,258,179,243
04013619300,331,101,124,125
04013619400,236,218,232,153
04013619500,270,191,273,25
04013619601,0,0,0,0
04013619602,88,42,145,37
04013619700,112,67,71,34
04013619800,189,111,106,197
04013619900,527,235,185,299
04013723304,178,225,167,245
04013723305,122,68,65,128
04013723306,1020,1128,0,6
04013723307,36,109,68,129
04013723309,46,52,76,96
04013723310,118,67,52,104
04013723311,103,246,184,234
04013810000,142,60,136,122
04013810100,169,333,164,134
04013810200,102,66,127,133
04013810300,229,578,388,256
04013810400,282,46,318,108
04013810500,176,212,179,155
04013810600,249,98,172,119
04013810700,236,216,243,213
04013810800,111,182,143,143
04013810900,261,284,266,237
04013811000,97,100,93,100
04013811100,260,157,216,73
04013811200,151,123,149,86
04013811300,16,150,185,51
04013811400,233,223,178,100
04013811500,87,105,105,63
04013811600,122,146,176,140
04013811700,78,78,79,133
04013811800,45,61,24,53
04013811900,243,200,148,35
04013812000,102,120,205,210
04013812100,189,137,275,246
04013812200,477,246,444,220
04013812300,274,149,243,180
04013812400,419,468,560,324
04013812500,89,136,122,105
04013812600,245,157,85,426
04013812700,210,174,211,155
04013812801,115,174,197,117
04013812802,173,362,380,206
04013812900,183,56,176,158
04013813000,107,151,87,297
04013813100,225,189,151,162
04013813200,12,290,207,194
04013813300,78,358,272,283
04013813400,79,154,89,229
04013813500,120,191,92,224
04013813600,172,139,154,186
04013813700,0,0,17,0
04013813800,0,0,0,0
04013813900,331,258,194,311
04013814000,32,51,15,38
04013814100,270,191,357,176
04013814200,81,115,72,143
04013814300,64,239,47,279
04013814400,256,213,187,200
04013814500,130,156,197,321
04013814600,294,239,177,358
04013814700,207,214,275,317
04013814801,72,191,151,88
04013814802,264,238,304,243
04013814900,179,203,188,140
04013815000,148,106,137,132
04013815100,412,179,332,206
04013815201,152,349,213,274
04013815202,267,123,103,198
04013815203,148,256,122,333
04013815300,76,117,109,201
04013815401,79,131,137,208
04013815402,211,171,246,382
04013815501,278,147,174,209
04013815502,93,138,0,116
04013815601,114,39,103,21
04013815602,179,321,281,338
04013815700,143,216,195,234
04013815800,192,368,203,323
04013815901,136,399,209,259
04013815902,278,350,282,368
04013816001,94,104,51,292
04013816002,57,148,316,179
04013816003,62,187,121,144
04013816004,216,374,305,203
04013816005,76,174,196,250
04013816100,326,272,353,274
04013816200,167,100,198,193
04013816301,0,0,0,17
04013816302,195,192,115,250
04013816401,157,259,158,181
04013816402,174,160,195,177
04013816501,21,168,41,157
04013816502,64,113,154,59
04013816600,210,116,130,245
04013816700,49,172,139,149
04013816800,347,288,354,252
04013816901,92,264,216,280
04013816902,119,107,94,233
04013816903,100,84,168,144
04013816904,291,164,281,113
04013817000,53,120,48,188
04013817101,212,246,50,249
04013817102,293,242,139,198
04013817103,223,190,169,264
04013817200,335,363,313,195
04013817300,0,24,0,0
04013817400,0,37,0,6
04013817500,26,0,0,0
04013817600,333,376,332,319
04013940700,0,0,0,0
04013941000,209,147,85,105
04013941100,0,0,0,0
04013941200,51,23,50,56
04013941300,183,136,172,175
04013980100,0,0,0,0
04013980400,2,0,0,0
04013980500,0,0,0,0
04013980700,0,0,0,0
04013980900,0,0,0,0
04013981000,91,53,44,34
04021000201,0,69,141,86
04021000204,670,448,701,412
04021000206,439,300,247,219
04021000208,280,216,262,137
04021000211,212,74,142,215
04021000212,201,367,464,505
04021000215,61,89,107,157
04021000216,193,235,125,108
04021000217,296,303,340,262
04021000218,297,266,587,264
04021000219,96,181,220,169
04021000220,263,120,190,156
04021000221,201,230,85,298
04021000222,251,233,546,238
04021000223,279,159,277,78
04021000224,359,261,234,127
04021000225,58,194,143,50
04021000226,241,284,277,275
04021000227,32,208,435,108
04021000228,31,234,170,69
04021000229,240,116,233,51
04021000307,116,56,29,65
04021000309,34,162,24,27
04021000310,47,36,98,67
04021000311,89,52,75,41
04021000312,187,16,101,79
04021000313,135,18,109,100
04021000315,288,198,172,112
04021000316,60,109,135,128
04021000317,20,117,57,0
04021000319,0,0,0,0
04021000320,46,42,79,42
04021000321,133,47,60,18
04021000322,60,94,246,67
04021000323,0,11,5,22
04021000324,68,149,92,85
04021000325,0,24,62,14
04021000400,18,119,50,97
04021000603,171,124,216,70
04021000604,0,0,0,0
04021000700,56,88,10,106
04021000802,178,116,79,147
04021000804,43,10,33,0
04021000805,95,56,62,256
04021000806,365,292,605,178
04021000807,355,310,11,9
04021000808,937,687,20,12
04021000902,40,117,135,132
04021000903,547,582,22,24
04021000904,16,25,0,38
04021001000,306,69,235,87
04021001100,174,365,247,498
04021001200,377,107,0,53
04021001303,37,65,54,40
04021001305,130,99,186,158
04021001306,231,103,139,195
04021001307,150,184,115,55
04021001308,116,53,74,73
04021001309,147,319,160,294
04021001310,131,350,204,210
04021001403,295,37,81,85
04021001404,170,83,91,95
04021001405,206,77,172,125
04021001406,110,108,125,191
04021001407,78,44,79,26
04021001408,0,41,89,41
04021001500,16,61,83,47
04021001600,192,303,82,229
04021001701,58,31,45,20
04021001704,309,384,300,179
04021001705,233,441,272,414
04021001706,215,165,186,219
04021001707,283,429,383,135
04021001709,461,493,238,428
04021001712,310,137,114,261
04021001713,54,91,30,137
04021001714,111,13,50,186
04021001715,199,301,223,180
04021001716,357,383,418,84
04021001717,0,0,0,0
04021001900,130,32,137,120
04021002001,196,131,68,122
04021002004,122,23,170,71
04021002005,787,732,13,11
04021002104,134,13,61,97
04021002105,215,35,154,0
04021002106,70,91,59,101
04021002107,327,202,122,124
04021002200,113,19,77,70
04021002300,73,32,16,23
04021002400,33,89,25,32
04021941200,156,212,288,86
04021941300,81,88,105,122
04021941401,205,268,260,162
04021941402,31,61,87,109
