geoid,centroid_lat,centroid_lon,land_area_sqmi
04013010102,33.7128794,-111.5743081,1045.514
04013010103,33.7535864,-111.7538552,14.535
04013010104,33.7346108,-111.6804374,6.347
04013030401,33.8175437,-111.9168671,10.246
04013030402,33.8615277,-111.938807,22.507
04013040502,33.9760855,-112.7494299,7.874
04013040506,33.6577414,-112.3366887,2.438
04013040507,33.6569045,-112.362634,2.935
04013040512,33.6772529,-112.3904639,0.767
04013040513,33.6746354,-112.3658563,1.459
04013040514,33.6751948,-112.3382757,1.557
04013040515,33.8241902,-113.0044501,873.155
04013040516,33.6767067,-112.7240487,146.181
04013040522,33.6874823,-112.3771475,1.76
04013040523,33.6907306,-112.3477499,1.724
04013040524,33.6759453,-112.4169856,0.834
04013040525,33.6607653,-112.4269715,1.365
04013040526,33.6454883,-112.4432741,0.962
04013040527,33.6463218,-112.4265743,0.941
04013040528,33.6527184,-112.4037208,2.985
04013040529,33.6641908,-112.3937125,1.581
04013040530,33.6438075,-112.3838942,0.637
04013040531,33.6451281,-112.3676447,1.032
04013040532,33.7031905,-112.3063617,9.071
04013040533,33.7107807,-112.3333009,4.315
04013040534,33.7377243,-112.331158,2.172
04013040535,33.8465746,-112.3603255,86.188
04013040536,33.7485027,-112.3190631,2.622
04013040537,33.7675559,-112.3036934,5.294
04013040538,33.7097997,-112.3875564,11.419
04013040539,33.8643039,-112.5381576,164.648
04013040540,33.6917028,-112.4962657,32.161
04013040541,33.7565722,-112.5578347,26.569
04013050603,33.3162347,-113.0618727,1334.109
04013050604,33.3568036,-112.7756801,119.2
04013050609,33.4524436,-112.5356941,4.181
04013050611,33.3845494,-112.5164544,22.796
04013050612,33.448367,-112.4930588,6.621
04013050613,33.4217311,-112.4953171,7.736
04013050614,33.4273116,-112.5456874,1.518
04013050615,33.4266011,-112.5727511,3.543
04013050616,33.4208764,-112.6071597,2.287
04013050617,33.3840036,-112.6293503,29.974
04013050618,33.4838138,-112.5029196,1.516
04013050619,33.4947209,-112.4843023,8.881
04013050620,33.5419142,-112.5780922,154.449
04013050621,33.5421899,-112.7460201,100.773
04013050701,33.3850893,-112.5817883,2.831
04013050702,33.3707199,-112.582303,3.116
04013060801,33.6318859,-112.3316377,1.42
04013060802,33.6197635,-112.3143932,1.531
04013060901,33.6178907,-112.3353713,0.641
04013060902,33.612051,-112.3261717,0.555
04013060903,33.60171,-112.3203341,0.5
04013060904,33.6016684,-112.3110112,0.56
04013061010,33.4989522,-112.3594703,2.513
04013061011,33.5323577,-112.3264989,6.274
04013061013,33.5013997,-112.3261467,1.768
04013061014,33.4834525,-112.325033,1.487
04013061015,33.4723401,-112.3316542,0.99
04013061017,33.471398,-112.4375771,1.301
04013061018,33.4866763,-112.4004935,2.664
04013061020,33.4857395,-112.3677102,0.935
04013061021,33.4847062,-112.3482487,0.742
04013061024,33.4137948,-112.3997843,5.683
04013061026,33.6315885,-112.4181095,1.006
04013061027,33.6314831,-112.4017435,0.899
04013061028,33.6344581,-112.3676149,2.053
04013061029,33.6311855,-112.3506834,1.032
04013061031,33.5970904,-112.4331614,8.859
04013061032,33.6183909,-112.40273,0.897
04013061033,33.6117732,-112.3839564,0.989
04013061034,33.6165068,-112.3678926,1.001
04013061035,33.6163866,-112.3507002,0.983
04013061036,33.5877401,-112.4030248,0.914
04013061037,33.6022107,-112.3851425,0.998
04013061038,33.5876988,-112.3850313,1.002
04013061039,33.5955848,-112.361302,3.959
04013061040,33.6019505,-112.3378089,0.482
04013061041,33.601576,-112.329193,0.517
04013061042,33.5875997,-112.3173497,0.827
04013061043,33.5727973,-112.333106,5.468
04013061044,33.5627619,-112.4016614,14.032
04013061045,33.5301537,-112.4231769,15.777
04013061046,33.5295927,-112.3500769,0.992
04013061047,33.5133669,-112.3503455,0.959
04013061048,33.4688752,-112.3538833,1.432
04013061049,33.4282146,-112.4009683,0.987
04013061050,33.4283671,-112.4267914,2.009
04013061051,33.4429158,-112.4181311,1.009
04013061052,33.4431709,-112.3920848,1.953
04013061053,33.4557236,-112.4013721,2.309
04013061054,33.4701401,-112.4005312,3.605
04013061055,33.5006201,-112.3984667,2.418
04013061056,33.488963,-112.4517571,5.916
04013061057,33.4525456,-112.4412605,2.992
04013061058,33.4048935,-112.4176024,13.543
04013061059,33.6193732,-112.4460019,0.792
04013061060,33.6162951,-112.4324134,0.621
04013061061,33.6315728,-112.4309035,0.486
04013061062,33.6311366,-112.4468752,1.334
04013061063,33.4539858,-112.3587089,1.118
04013061064,33.468442,-112.3667229,1.372
04013061100,33.5359445,-112.3736454,3.955
04013061200,33.4461284,-112.3388821,1.693
04013061300,33.4414474,-112.3633791,1.446
04013061401,33.432742,-112.3495978,0.277
04013061402,33.4264916,-112.3443359,0.889
04013071503,33.6103118,-112.2784919,1.55
04013071504,33.628581,-112.2828839,1.278
04013071505,33.6233312,-112.2981718,2.302
04013071506,33.6251239,-112.2657735,1.579
04013071509,33.6235625,-112.2284638,1.849
04013071510,33.6032519,-112.2114133,1.004
04013071511,33.631369,-112.2099467,0.907
04013071512,33.6029139,-112.2289092,1.009
04013071513,33.6185011,-112.2129207,1.014
04013071514,33.6307547,-112.2452363,1.141
04013071515,33.6164861,-112.2476616,1.02
04013071516,33.6033854,-112.260685,0.94
04013071517,33.6010767,-112.2466222,0.93
04013071600,33.5916464,-112.3045197,0.987
04013071701,33.5727181,-112.3050618,0.743
04013071702,33.5855768,-112.2958744,1.336
04013071801,33.5901306,-112.2765983,2.091
04013071802,33.5726345,-112.2798313,1.118
04013071903,33.588797,-112.2115599,1.001
04013071906,33.5740472,-112.2472931,1.247
04013071909,33.5726323,-112.2661232,0.722
04013071910,33.5884666,-112.2289674,1.002
04013071911,33.5737302,-112.228584,0.95
04013071912,33.5857869,-112.255389,0.434
04013071913,33.5892199,-112.2456888,0.834
04013071914,33.5742426,-112.215934,0.501
04013071915,33.5743756,-112.2072845,0.495
04013082002,33.4994539,-112.280234,1.01
04013082007,33.5015352,-112.2507274,0.497
04013082008,33.5015368,-112.2420807,0.502
04013082009,33.4869963,-112.2508164,0.503
04013082010,33.4870407,-112.2421267,0.501
04013082012,33.499953,-112.3008303,1.127
04013082016,33.4956865,-112.2640759,2.006
04013082017,33.4706714,-112.2638912,1.218
04013082018,33.4760517,-112.2464894,0.512
04013082019,33.4896483,-112.301829,0.676
04013082020,33.4807297,-112.3036975,0.718
04013082021,33.486432,-112.2812848,1.025
04013082022,33.4664637,-112.3169254,1.448
04013082023,33.4696274,-112.298403,1.216
04013082024,33.4702087,-112.2812088,1.234
04013082025,33.4495644,-112.3224705,1.349
04013082026,33.4424851,-112.3151158,0.978
04013082027,33.4504244,-112.292708,2.44
04013082028,33.4687756,-112.2466002,0.494
04013082204,33.4097505,-112.2633343,3.685
04013082205,33.4292554,-112.246943,0.969
04013082206,33.4031172,-112.2497615,2.637
04013082207,33.3968167,-112.2906886,4.169
04013082208,33.4006324,-112.3294874,7.318
04013082209,33.4318212,-112.2960227,0.368
04013082210,33.4239556,-112.2988703,0.847
04013082211,33.4281516,-112.3204026,1.602
04013082212,33.4137343,-112.280944,0.993
04013082213,33.4283505,-112.2810476,0.992
04013083000,33.4483717,-112.2605075,4.729
04013092305,33.5745857,-112.1946101,0.968
04013092306,33.574718,-112.1775505,0.991
04013092307,33.5587571,-112.1781458,0.988
04013092308,33.5747161,-112.160306,0.986
04013092309,33.5603104,-112.1603196,0.986
04013092311,33.56024,-112.1883998,0.25
04013092312,33.5600972,-112.1967543,0.707
04013092401,33.5457803,-112.1643912,0.498
04013092402,33.5457875,-112.1558536,0.497
04013092500,33.5457957,-112.1774088,1.016
04013092600,33.5456908,-112.1945977,0.97
04013092705,33.5453624,-112.2117335,1.001
04013092708,33.5587797,-112.2637587,1.006
04013092709,33.5591592,-112.2464156,0.994
04013092710,33.5304561,-112.2463403,0.996
04013092711,33.5450265,-112.2290633,0.991
04013092712,33.5306136,-112.2290551,0.985
04013092713,33.5161554,-112.2290962,0.992
04013092715,33.5200387,-112.2117697,0.497
04013092716,33.5128115,-112.2118298,0.501
04013092717,33.5345116,-112.2117591,0.501
04013092718,33.5272643,-112.2118198,0.502
04013092719,33.5153915,-112.2811615,0.992
04013092720,33.5282486,-112.2763289,8.914
04013092721,33.5447591,-112.2463813,0.979
04013092723,33.5582231,-112.2982981,0.993
04013092724,33.5584144,-112.2811568,0.99
04013092801,33.5348379,-112.1946566,0.485
04013092802,33.5275918,-112.1946753,0.486
04013092900,33.5312702,-112.1774451,1.016
04013093001,33.5338273,-112.1606547,0.553
04013093002,33.5273072,-112.1592147,0.43
04013093101,33.5192182,-112.1573863,0.485
04013093104,33.5158664,-112.1712744,1.514
04013093105,33.5203394,-112.1947048,0.484
04013093106,33.5130874,-112.1947392,0.486
04013093200,33.5596351,-112.2203819,2.007
04013103205,33.6042712,-111.9694857,1.018
04013103206,33.604206,-111.95191,0.994
04013103207,33.6044145,-111.9345066,0.935
04013103208,33.5904316,-111.987092,1.072
04013103209,33.5849736,-111.9621695,2.5
04013103210,33.6053327,-111.9874082,0.902
04013103211,33.6189983,-111.9869134,1.048
04013103212,33.6188319,-111.969144,1.007
04013103214,33.6187003,-111.9517163,1.003
04013103215,33.6334564,-111.9869238,1.047
04013103216,33.6333105,-111.9690393,1.003
04013103217,33.6331997,-111.9515948,1.0
04013103219,33.6316314,-111.9341912,1.106
04013103220,33.6174998,-111.9348638,0.839
04013103302,33.6193209,-112.0046826,0.965
04013103303,33.6334977,-112.0047671,0.985
04013103304,33.6334539,-112.016688,0.369
04013103305,33.6368982,-112.0254119,0.313
04013103306,33.6298167,-112.0253133,0.296
04013103400,33.6050129,-112.003676,1.05
04013103501,33.6202677,-112.0205953,0.759
04013103502,33.6063523,-112.0255946,1.737
04013103604,33.6353654,-112.0866753,1.195
04013103605,33.6166417,-112.0797986,2.356
04013103606,33.6336689,-112.0391208,0.93
04013103607,33.6180635,-112.0411304,0.951
04013103608,33.6326258,-112.1078795,0.951
04013103609,33.6145262,-112.1092895,0.963
04013103611,33.627033,-112.0564073,2.029
04013103612,33.6300172,-112.0758193,0.775
04013103614,33.605407,-112.0851886,0.8
04013103615,33.5924127,-112.0822503,2.777
04013103701,33.6060907,-112.0471873,0.993
04013103702,33.594154,-112.0555575,1.821
04013103900,33.6036014,-112.1053243,0.974
04013104000,33.6036114,-112.1252567,0.99
04013104100,33.6180459,-112.1251214,0.99
04013104202,33.6179906,-112.1424429,0.996
04013104203,33.589357,-112.1440635,0.997
04013104204,33.5912674,-112.1566742,0.574
04013104205,33.5741887,-112.1290932,1.308
04013104206,33.5723303,-112.1454437,0.634
04013104207,33.6326309,-112.1249043,1.023
04013104212,33.6035807,-112.1425789,0.997
04013104214,33.6320299,-112.1772004,0.937
04013104215,33.6318197,-112.1941601,0.892
04013104216,33.6181823,-112.194959,0.953
04013104217,33.6179599,-112.1771528,0.988
04013104218,33.617939,-112.1598429,0.997
04013104219,33.6035315,-112.1599699,0.994
04013104221,33.5885017,-112.1766306,0.992
04013104222,33.5890646,-112.1944668,0.968
04013104223,33.6043789,-112.1938253,0.954
04013104224,33.604454,-112.1784017,0.978
04013104225,33.6315079,-112.1617063,0.963
04013104226,33.6323204,-112.1425101,0.988
04013104227,33.5863574,-112.1635857,0.408
04013104301,33.5891286,-112.1287875,0.574
04013104302,33.5896579,-112.1208241,0.386
04013104401,33.5892316,-112.1082097,0.984
04013104402,33.5792297,-112.1095653,0.987
04013104501,33.5709186,-112.0944957,0.474
04013104502,33.5782692,-112.0905724,0.518
04013104600,33.5767665,-112.072928,1.011
04013104701,33.5769083,-112.0602936,0.412
04013104702,33.5733572,-112.0535868,0.56
04013104801,33.578833,-112.0338226,2.327
04013104802,33.589495,-112.0242495,1.274
04013104900,33.5898363,-112.0044597,0.998
04013105002,33.5228894,-111.947527,3.109
04013105003,33.5658394,-111.9474755,4.04
04013105004,33.5441689,-111.9412986,4.901
04013105101,33.5739703,-111.9968372,2.315
04013105102,33.5466976,-112.0221521,7.374
04013105103,33.5356993,-111.9906382,3.806
04013105200,33.5637504,-112.0501289,1.561
04013105300,33.5585568,-112.0712797,1.015
04013105400,33.5602849,-112.0910906,0.992
04013105501,33.5603767,-112.1126416,0.497
04013105502,33.5639656,-112.1039407,0.247
04013105503,33.5572235,-112.1031276,0.243
04013105601,33.560326,-112.1212698,0.496
04013105602,33.5603307,-112.1299018,0.498
04013105701,33.5603231,-112.147316,0.504
04013105702,33.5603167,-112.1385793,0.498
04013105800,33.5458039,-112.142951,1.006
04013105900,33.5458104,-112.1256272,1.005
04013106001,33.5458512,-112.1145949,0.271
04013106002,33.5494847,-112.1059643,0.364
04013106003,33.5422388,-112.1059155,0.363
04013106100,33.5457403,-112.0910561,0.986
04013106200,33.5455615,-112.0738396,1.002
04013106300,33.5462142,-112.0553638,1.017
04013106400,33.5269505,-112.0379449,0.963
04013106501,33.5309985,-112.0606354,0.507
04013106502,33.53099,-112.0518662,0.506
04013106600,33.5310503,-112.0737184,1.005
04013106701,33.5349394,-112.0953652,0.245
04013106702,33.5348013,-112.0867781,0.251
04013106703,33.5295515,-112.0871786,0.497
04013106801,33.531319,-112.1145492,0.271
04013106802,33.5313801,-112.1059165,0.726
04013106900,33.5312722,-112.1255879,1.006
04013107001,33.5311974,-112.1472318,0.505
04013107002,33.531208,-112.1385724,0.497
04013107101,33.520446,-112.142776,0.484
04013107102,33.5132101,-112.1430654,0.521
04013107201,33.5130999,-112.1255712,0.501
04013107202,33.5203754,-112.1255921,0.499
04013107300,33.5168231,-112.10837,0.994
04013107401,33.5166642,-112.0868226,0.504
04013107402,33.5113646,-112.0955281,0.125
04013107403,33.514994,-112.0954991,0.124
04013107404,33.520407,-112.095454,0.245
04013107500,33.5165357,-112.0737249,1.007
04013107601,33.5164792,-112.0606163,0.506
04013107602,33.5164688,-112.0518734,0.504
04013107700,33.5165905,-112.0387977,1.012
04013107800,33.5174607,-112.0215379,1.364
04013107900,33.5121661,-111.9651038,3.004
04013108000,33.4970552,-111.9596525,1.465
04013108100,33.5033702,-111.9805171,0.561
04013108200,33.5002341,-111.989341,0.601
04013108301,33.5088488,-112.0047594,0.893
04013108302,33.498862,-112.004177,0.515
04013108400,33.5023624,-112.0215697,1.003
04013108501,33.5019818,-112.043224,0.5
04013108502,33.5020379,-112.0345443,0.499
04013108601,33.4980444,-112.0590439,0.316
04013108602,33.5042337,-112.0540658,0.684
04013108802,33.5052989,-112.0708618,0.397
04013108901,33.4981039,-112.0910106,0.4
04013108902,33.5054188,-112.0934517,0.581
04013109001,33.502401,-112.1148406,0.251
04013109002,33.5059113,-112.1062049,0.364
04013109003,33.4995459,-112.1073358,0.37
04013109101,33.5058159,-112.1255929,0.497
04013109102,33.4985716,-112.125658,0.495
04013109200,33.5021972,-112.1429058,1.003
04013109300,33.5022028,-112.1602166,0.992
04013109401,33.4986169,-112.1776574,0.502
04013109402,33.5058621,-112.177581,0.512
04013109500,33.5025844,-112.1933395,0.958
04013109601,33.5018159,-112.2335625,0.475
04013109602,33.4993779,-112.2135258,0.569
04013109603,33.5015918,-112.22502,0.514
04013109604,33.5054627,-112.2094968,0.422
04013109702,33.4869472,-112.233063,0.543
04013109703,33.4874706,-112.2162299,0.499
04013109704,33.4909754,-112.2246135,0.235
04013109705,33.4839302,-112.2243688,0.216
04013109706,33.4838329,-112.2076134,0.242
04013109707,33.4910701,-112.2075331,0.257
04013109801,33.4876201,-112.1991683,0.471
04013109802,33.4877584,-112.1907502,0.503
04013109900,33.4876506,-112.173325,1.006
04013110001,33.4868383,-112.1642623,0.535
04013110002,33.4921689,-112.1608184,0.451
04013110100,33.4887227,-112.143503,0.994
04013110400,33.4876853,-112.0915629,0.964
04013110501,33.4876332,-112.0784972,0.546
04013110502,33.4875221,-112.0694199,0.506
04013110600,33.4884762,-112.0600165,1.004
04013110701,33.4867701,-112.045706,0.342
04013110702,33.4879934,-112.0356435,0.658
04013110801,33.4913915,-112.021563,0.501
04013110802,33.48407,-112.0215206,0.505
04013110901,33.4878543,-112.0085684,0.513
04013110902,33.4878069,-111.999838,0.51
04013111000,33.4875531,-111.9867811,1.013
04013111100,33.4867355,-111.9673329,1.229
04013111201,33.4740316,-111.9709763,0.738
04013111202,33.4605544,-111.9738762,0.346
04013111203,33.453377,-111.974501,0.161
04013111204,33.4585599,-111.9550359,2.524
04013111300,33.4729842,-111.9868751,1.012
04013111401,33.4730969,-112.0085557,0.512
04013111402,33.4730668,-111.9998735,0.508
04013111501,33.4685018,-112.0256724,0.271
04013111502,33.4740014,-112.0199451,0.73
04013111601,33.4734937,-112.033492,0.466
04013111602,33.4729911,-112.0429814,0.539
04013111700,33.4729707,-112.05638,1.005
04013111800,33.4730347,-112.0739665,1.025
04013111900,33.4713281,-112.0919831,0.981
04013112100,33.4731961,-112.1257612,1.0
04013112201,33.4738048,-112.1394436,0.561
04013112202,33.4724482,-112.1477014,0.439
04013112301,33.4696322,-112.1604808,0.506
04013112302,33.4768981,-112.1602715,0.496
04013112401,33.4768815,-112.1777032,0.504
04013112402,33.4696103,-112.1777424,0.502
04013112502,33.4695439,-112.1948671,0.49
04013112504,33.476804,-112.1948327,0.488
04013112507,33.4642123,-112.1684128,0.481
04013112508,33.4570499,-112.2121094,0.751
04013112510,33.4373646,-112.2210426,3.973
04013112512,33.447849,-112.1750468,4.471
04013112514,33.4171647,-112.1608093,7.408
04013112515,33.4154524,-112.1952527,1.008
04013112516,33.4297636,-112.1865363,1.992
04013112517,33.4156784,-112.212656,0.992
04013112518,33.4025734,-112.2191866,4.011
04013112519,33.4694344,-112.211941,0.505
04013112520,33.476676,-112.2120561,0.497
04013112521,33.4642595,-112.1949144,0.223
04013112522,33.4571434,-112.194389,0.791
04013112523,33.4727228,-112.2292551,0.991
04013112524,33.4597179,-112.226146,1.177
04013112601,33.4639189,-112.1435434,0.278
04013112602,33.4566702,-112.1430073,0.726
04013112700,33.4585429,-112.1257204,1.016
04013112900,33.4585736,-112.0913351,1.004
04013113000,33.4622221,-112.0739166,0.492
04013113100,33.4550383,-112.0738751,0.503
04013113201,33.4551116,-112.0519793,0.25
04013113202,33.4549798,-112.0607304,0.261
04013113204,33.4625882,-112.053214,0.639
04013113301,33.4566793,-112.0388958,0.735
04013113502,33.4549381,-112.01722,0.249
04013113503,33.4629086,-112.024112,0.609
04013113601,33.4620494,-111.9990272,0.633
04013113602,33.454465,-112.0074119,0.375
04013113701,33.4619595,-111.9863755,0.485
04013113702,33.455455,-111.9883493,0.478
04013113800,33.4388032,-112.0108646,6.975
04013113900,33.4440704,-112.0389279,1.029
04013114000,33.4440861,-112.0564579,1.011
04013114100,33.4477532,-112.0739233,0.506
04013114200,33.4405004,-112.0737142,0.494
04013114301,33.4476821,-112.0912797,0.513
04013114302,33.4403929,-112.0912805,0.506
04013114401,33.443996,-112.1127649,0.536
04013114402,33.4439794,-112.10407,0.464
04013114500,33.4440651,-112.126027,0.981
04013114600,33.4441453,-112.1431681,0.997
04013114704,33.4332564,-112.1259049,0.5
04013114705,33.4260087,-112.1258593,0.501
04013114800,33.421613,-112.0861386,2.087
04013114900,33.4289968,-112.0739678,1.091
04013115200,33.4139109,-112.0014967,2.803
04013115300,33.412681,-112.0486599,1.602
04013115400,33.4135508,-112.071221,0.967
04013115500,33.399385,-112.142267,1.003
04013115600,33.3994726,-112.1078245,0.986
04013115700,33.399502,-112.0906176,0.999
04013115801,33.3995032,-112.0689754,0.502
04013115802,33.3994853,-112.0776433,0.497
04013115900,33.3995851,-112.0559842,0.992
04013116000,33.3998988,-112.0386208,0.958
04013116100,33.4001775,-112.0212714,0.933
04013116202,33.3885879,-111.9874388,0.561
04013116203,33.3901621,-112.0101981,3.073
04013116204,33.4000005,-111.9869425,0.991
04013116205,33.3814304,-111.9861775,0.446
04013116300,33.3853695,-112.0387139,1.038
04013116400,33.3850759,-112.0559281,1.014
04013116500,33.3850011,-112.0732944,0.999
04013116605,33.3848158,-112.1596188,0.997
04013116606,33.3848675,-112.1423292,0.995
04013116607,33.3990267,-112.123348,0.997
04013116610,33.368726,-112.1508815,1.951
04013116611,33.343914,-112.1538633,4.855
04013116612,33.3704076,-112.1257966,3.003
04013116614,33.3813456,-112.0905365,0.5
04013116615,33.3886165,-112.0905313,0.496
04013116616,33.3849779,-112.1077601,1.001
04013116617,33.3693932,-112.1039783,1.979
04013116618,33.3671923,-112.2025579,2.063
04013116619,33.3561252,-112.1789956,3.618
04013116620,33.3847701,-112.2101196,2.197
04013116621,33.3848585,-112.1796425,1.31
04013116703,33.3678962,-112.0576168,1.34
04013116707,33.3521509,-111.9899157,0.515
04013116708,33.3398925,-111.9828966,1.282
04013116709,33.3559538,-111.974731,0.42
04013116710,33.3317389,-112.0055579,1.478
04013116711,33.3298672,-111.9920343,0.416
04013116712,33.2979769,-111.9845655,1.468
04013116713,33.2984125,-112.0037349,0.933
04013116714,33.2979707,-112.0237215,1.046
04013116715,33.3544355,-111.9830865,0.356
04013116717,33.3266898,-111.9761414,0.415
04013116718,33.322711,-111.983812,0.37
04013116719,33.3120976,-111.98374,1.304
04013116720,33.3166004,-111.9991276,0.683
04013116721,33.3092109,-112.0136469,0.886
04013116725,33.297401,-112.0469872,1.606
04013116727,33.299027,-112.0736723,1.761
04013116728,33.3121734,-112.0601949,2.416
04013116729,33.3152148,-112.0264904,1.465
04013116730,33.3005447,-112.1205438,1.704
04013116731,33.2965068,-112.100319,1.274
04013116732,33.3541086,-112.1039386,2.618
04013116733,33.3433655,-112.0696822,24.835
04013116734,33.3599841,-112.072269,0.356
04013116735,33.3668767,-112.0746345,0.5
04013116736,33.3741816,-112.0744562,0.512
04013116737,33.3683857,-112.0408747,1.221
04013116738,33.3730462,-112.0016602,2.05
04013116800,33.4659687,-112.1085382,2.001
04013116900,33.4884301,-112.1233353,1.224
04013117000,33.4882459,-112.1060497,0.743
04013117100,33.4991021,-112.0751243,0.616
04013117200,33.4268606,-112.0447019,2.842
04013117300,33.4201595,-112.1144433,3.115
04013216806,33.5448607,-111.8984963,0.788
04013216807,33.5706446,-111.8973154,1.36
04013216809,33.5745336,-111.8052275,3.583
04013216810,33.575287,-111.8821256,0.937
04013216813,33.5712964,-111.9120794,1.725
04013216816,33.6115564,-111.9073884,6.214
04013216819,33.6298446,-111.7519771,9.155
04013216820,33.6132017,-111.706384,1.922
04013216821,33.5891915,-111.7497196,5.957
04013216822,33.764038,-111.9065126,8.988
04013216826,33.5887722,-111.8837698,0.995
04013216829,33.7894145,-111.8190468,35.83
04013216830,33.5821553,-111.9347757,1.019
04013216831,33.5912791,-111.9270634,1.827
04013216832,33.5776565,-111.865595,0.702
04013216833,33.573508,-111.8521591,1.249
04013216834,33.5549585,-111.9180475,1.117
04013216835,33.5461165,-111.9137634,0.895
04013216836,33.5888596,-111.8587996,1.609
04013216837,33.5890025,-111.8373468,0.954
04013216838,33.6042541,-111.882698,1.007
04013216839,33.6035028,-111.8624422,1.302
04013216840,33.7127029,-111.9080946,3.891
04013216841,33.6896109,-111.9086338,1.999
04013216842,33.6779669,-111.9107134,1.616
04013216843,33.714098,-111.8301559,9.215
04013216844,33.66279,-111.9042532,2.717
04013216845,33.6450492,-111.9093868,2.638
04013216849,33.6149456,-111.8200445,12.863
04013216850,33.6244331,-111.8826775,0.729
04013216851,33.6681878,-111.8225123,21.655
04013216852,33.6151397,-111.8847323,0.367
04013216853,33.6167101,-111.8699863,0.665
04013216854,33.6468046,-111.8762808,1.549
04013216855,33.6646919,-111.8784501,1.94
04013216856,33.584738,-111.7196959,2.091
04013216857,33.6065827,-111.7222205,1.158
04013216858,33.5857124,-111.7931304,0.322
04013216859,33.5932651,-111.7873848,4.812
04013216860,33.634237,-111.8749329,1.347
04013216861,33.6288045,-111.856799,1.302
04013216901,33.5293094,-111.9187377,1.093
04013216902,33.529373,-111.898852,0.983
04013217001,33.5153595,-111.922848,1.087
04013217002,33.5162635,-111.8980634,0.973
04013217101,33.5012471,-111.9053974,0.501
04013217102,33.5038503,-111.8978049,0.496
04013217201,33.4945112,-111.9253321,0.796
04013217203,33.5071933,-111.91706,0.497
04013217204,33.5003483,-111.9142442,0.236
04013217300,33.5019583,-111.9349494,0.953
04013217400,33.4794719,-111.9509448,0.839
04013217501,33.4863686,-111.9386785,0.405
04013217502,33.4850451,-111.9308731,0.311
04013217600,33.4860977,-111.9159439,0.741
04013217700,33.4876299,-111.9003184,0.991
04013217800,33.4731131,-111.900364,0.987
04013217900,33.4748808,-111.9196965,0.988
04013218000,33.4729197,-111.9348731,1.014
04013218100,33.4620164,-111.9328124,0.376
04013218200,33.4619423,-111.9163969,0.975
04013218300,33.4605095,-111.9021729,0.863
04013318400,33.4339879,-111.9162539,3.13
04013318501,33.4553465,-111.9349524,0.509
04013318700,33.428841,-111.9349202,0.946
04013318800,33.4297773,-111.9560473,1.005
04013318900,33.4146651,-111.952179,1.0
04013319001,33.4182892,-111.93266,0.367
04013319002,33.4126313,-111.9362297,0.632
04013319101,33.416665,-111.9220739,0.128
04013319103,33.418997,-111.9161745,0.37
04013319104,33.4111438,-111.9176863,0.497
04013319201,33.4184286,-111.9002492,0.512
04013319202,33.4111316,-111.9002656,0.512
04013319300,33.417039,-111.8867329,0.422
04013319401,33.3855247,-111.9180624,1.032
04013319402,33.3858315,-111.900434,1.012
04013319403,33.400944,-111.9001315,1.026
04013319404,33.39434,-111.8866592,0.711
04013319500,33.4002478,-111.917711,0.995
04013319600,33.4001798,-111.9349062,0.996
04013319705,33.3965781,-111.9520842,1.484
04013319706,33.3821331,-111.9533755,0.506
04013319707,33.3828436,-111.9646301,0.269
04013319708,33.3859955,-111.9714857,0.786
04013319709,33.4004915,-111.9729445,0.693
04013319710,33.4183846,-111.9678629,2.34
04013319801,33.3819849,-111.9355416,0.477
04013319802,33.3892276,-111.9350243,0.508
04013319902,33.367901,-111.9355759,0.981
04013319903,33.3703792,-111.9155206,0.965
04013319904,33.3702585,-111.902362,0.999
04013319905,33.3564609,-111.9198593,1.01
04013319906,33.353387,-111.9005108,0.972
04013319907,33.3419171,-111.9198091,0.997
04013319908,33.3533622,-111.9341876,0.989
04013319909,33.342523,-111.9008629,0.994
04013319910,33.3418702,-111.950615,2.576
04013320001,33.3551451,-111.9576343,1.177
04013320002,33.366453,-111.963156,0.799
04013320007,33.3716765,-111.9530194,0.796
04013320100,33.4435312,-111.9429174,1.86
04013420104,33.4295087,-111.6563794,2.943
04013420105,33.4430029,-111.6572024,2.919
04013420107,33.4792633,-111.6740249,3.167
04013420108,33.4795976,-111.6403706,3.749
04013420109,33.4595809,-111.6596141,2.92
04013420110,33.4559724,-111.6080758,9.96
04013420111,33.4297294,-111.6240166,0.995
04013420112,33.4283654,-111.5878372,0.744
04013420113,33.4190041,-111.6759674,0.496
04013420114,33.4187804,-111.650047,1.003
04013420115,33.4176452,-111.6198016,0.704
04013420116,33.4187068,-111.5941823,0.78
04013420202,33.4301383,-111.6930944,1.0
04013420206,33.4698474,-111.7101019,5.805
04013420207,33.4901256,-111.6923542,1.27
04013420208,33.4300703,-111.7277109,1.0
04013420209,33.4297703,-111.7086665,1.001
04013420210,33.4446119,-111.6929143,1.004
04013420211,33.4730975,-111.6908287,1.049
04013420212,33.4586409,-111.6885124,0.993
04013420213,33.4191805,-111.7277634,0.503
04013420214,33.4194724,-111.7017702,0.998
04013420215,33.4445634,-111.7275522,1.002
04013420216,33.4446172,-111.7102505,0.998
04013420301,33.4575906,-111.7937677,0.634
04013420302,33.4586449,-111.7775275,0.992
04013420303,33.459106,-111.7620111,1.003
04013420304,33.4755737,-111.7444652,2.029
04013420401,33.4575091,-111.8269135,1.201
04013420402,33.470235,-111.7789534,3.544
04013420503,33.4464362,-111.8176657,0.509
04013420504,33.4433854,-111.8096308,0.52
04013420505,33.4441533,-111.8268316,0.508
04013420506,33.4441224,-111.8354904,0.505
04013420602,33.4299352,-111.7794889,0.988
04013420603,33.4445016,-111.7792986,0.982
04013420604,33.4439367,-111.7973995,0.999
04013420704,33.4300168,-111.7622801,1.009
04013420705,33.444576,-111.7534952,2.008
04013420706,33.430017,-111.7450053,0.992
04013420707,33.4191076,-111.7623535,0.501
04013420708,33.4191354,-111.7450284,0.501
04013420709,33.4145122,-111.7606322,0.503
04013420710,33.411881,-111.7450995,0.498
04013420800,33.431638,-111.7951762,1.001
04013420901,33.4331677,-111.8141844,0.464
04013420902,33.4260911,-111.8141595,0.517
04013421001,33.4295874,-111.8356261,0.493
04013421002,33.4285378,-111.8284349,0.492
04013421101,33.4476588,-111.8475179,1.008
04013421102,33.430394,-111.8486195,1.015
04013421201,33.4339264,-111.8723867,1.787
04013421202,33.426999,-111.8632578,0.578
04013421302,33.4149839,-111.8482565,0.964
04013421303,33.4183113,-111.86874,0.7
04013421304,33.4111435,-111.8721703,0.898
04013421400,33.4151047,-111.8314299,0.981
04013421501,33.411476,-111.8141508,0.511
04013421502,33.4187479,-111.8141153,0.51
04013421601,33.4189111,-111.7967357,0.494
04013421602,33.4116541,-111.7967966,0.493
04013421701,33.4190418,-111.7796191,0.495
04013421702,33.4117785,-111.7796786,0.498
04013421801,33.3970961,-111.79685,0.495
04013421802,33.4063205,-111.7963157,0.494
04013421901,33.396982,-111.8141908,0.506
04013421902,33.4042227,-111.8141162,0.507
04013422001,33.4042445,-111.8315944,0.49
04013422002,33.3969939,-111.8314211,0.499
04013422102,33.4041299,-111.8657395,0.492
04013422103,33.3966747,-111.8698091,0.28
04013422104,33.4013046,-111.8799565,0.588
04013422105,33.3968379,-111.8485943,0.493
04013422106,33.4040946,-111.8484497,0.486
04013422107,33.3971105,-111.8612601,0.245
04013422203,33.3836283,-111.8554938,1.019
04013422209,33.3424187,-111.8504007,1.009
04013422210,33.3423811,-111.8677211,1.008
04013422211,33.3422819,-111.8849819,0.983
04013422212,33.3674824,-111.891901,0.802
04013422213,33.362708,-111.8858608,0.502
04013422215,33.3605651,-111.8678247,0.501
04013422216,33.3715446,-111.8507246,1.006
04013422217,33.3606123,-111.8504492,0.498
04013422218,33.3531488,-111.8854313,0.523
04013422219,33.353311,-111.8678018,0.508
04013422220,33.3533619,-111.8504487,0.501
04013422221,33.3716184,-111.869395,0.72
04013422222,33.3707287,-111.8627883,0.378
04013422223,33.3816942,-111.8677571,0.485
04013422224,33.3894258,-111.8605498,0.19
04013422225,33.3894157,-111.8692157,0.318
04013422226,33.3893833,-111.8772949,0.155
04013422227,33.3834785,-111.8849943,0.433
04013422301,33.3860671,-111.8271693,1.973
04013422302,33.3861137,-111.7970864,1.012
04013422304,33.346882,-111.8362834,1.049
04013422305,33.3467173,-111.8158186,0.894
04013422307,33.3654635,-111.8262114,2.997
04013422308,33.3717979,-111.7983839,1.02
04013422309,33.3570528,-111.8157213,1.001
04013422401,33.3570982,-111.7975401,0.988
04013422402,33.357289,-111.7814095,0.956
04013422403,33.3427063,-111.7983277,0.998
04013422404,33.342745,-111.7813515,0.971
04013422501,33.4009336,-111.7624714,1.006
04013422502,33.4008774,-111.7797329,0.993
04013422503,33.3863226,-111.7797774,0.992
04013422504,33.3864079,-111.7625515,1.006
04013422506,33.3748545,-111.7655957,0.965
04013422507,33.3697053,-111.7472622,0.918
04013422508,33.3718862,-111.781172,0.975
04013422509,33.357376,-111.7644951,0.998
04013422510,33.3574743,-111.7472415,0.998
04013422511,33.3428917,-111.764314,0.999
04013422512,33.3429675,-111.7470048,0.999
04013422513,33.4024253,-111.7451298,0.997
04013422514,33.3867166,-111.7456385,0.952
04013422607,33.4010722,-111.72785,0.998
04013422609,33.4014339,-111.6749123,0.991
04013422610,33.4006935,-111.658889,1.002
04013422615,33.3952671,-111.6080157,1.985
04013422617,33.3730628,-111.6788572,1.018
04013422618,33.3717644,-111.6618167,0.951
04013422620,33.3720322,-111.730671,0.988
04013422621,33.3721101,-111.7135045,0.985
04013422622,33.3689827,-111.6949646,0.975
04013422623,33.3504927,-111.6959424,1.968
04013422624,33.4117419,-111.7264985,0.564
04013422625,33.4121576,-111.7007518,0.919
04013422626,33.4116293,-111.6725394,0.708
04013422627,33.4114985,-111.6465412,0.805
04013422628,33.411671,-111.6199575,0.74
04013422629,33.4114968,-111.5927476,0.753
04013422630,33.401033,-111.6256677,0.789
04013422632,33.4005952,-111.6414096,1.0
04013422633,33.3861685,-111.6765606,1.008
04013422634,33.3864184,-111.6577775,1.095
04013422636,33.3862818,-111.7284799,1.048
04013422637,33.4003406,-111.7144264,0.538
04013422638,33.3859878,-111.710319,1.034
04013422639,33.3984646,-111.6963228,2.367
04013422640,33.3719534,-111.6447742,1.006
04013422642,33.3718082,-111.6274308,0.994
04013422643,33.3542368,-111.6101061,1.99
04013422647,33.3361164,-111.617867,3.957
04013422648,33.3356547,-111.5965559,0.987
04013422649,33.3353505,-111.5879989,0.982
04013422650,33.3562128,-111.5929183,0.868
04013422651,33.371689,-111.6101572,1.008
04013422652,33.3747073,-111.5916524,1.732
04013422653,33.398281,-111.5911947,1.44
04013422654,33.3564637,-111.6704791,1.976
04013422655,33.3574814,-111.6445179,1.005
04013422656,33.3503074,-111.7299745,1.968
04013422657,33.3576718,-111.7130909,0.98
04013422658,33.3431618,-111.712833,0.986
04013422659,33.3899849,-111.6401791,0.388
04013422660,33.3870659,-111.6283437,1.636
04013522801,33.305743,-111.6550857,4.338
04013522802,33.3020039,-111.6782166,1.826
04013522901,33.3279542,-111.8328965,1.011
04013522903,33.3134516,-111.8371642,0.502
04013522904,33.3134597,-111.8284703,0.505
04013523002,33.313355,-111.8503094,1.022
04013523005,33.3278656,-111.8677684,1.001
04013523006,33.3133108,-111.8677385,1.003
04013523007,33.327342,-111.8457321,0.458
04013523008,33.3282965,-111.8542749,0.548
04013523102,33.298902,-111.8328861,1.004
04013523103,33.2987239,-111.8676106,1.01
04013523104,33.2993379,-111.8494127,1.009
04013610001,33.9856701,-112.1008918,37.415
04013610002,33.8955266,-112.1907307,86.397
04013610100,33.892234,-112.107182,8.375
04013610201,33.8674909,-112.1229333,1.78
04013610202,33.8570222,-112.096749,2.118
04013610301,33.8474408,-112.1404193,1.304
04013610302,33.8534223,-112.1274776,1.419
04013610400,33.8483017,-112.1094978,1.296
04013610500,33.8390081,-112.0893313,12.446
04013610600,33.8081662,-112.1032252,3.532
04013610700,33.8545369,-112.0204517,41.057
04013610800,33.7754306,-112.2443648,20.165
04013610901,33.7087381,-112.2429959,4.595
04013610902,33.7132576,-112.2818818,2.966
04013610903,33.7414632,-112.2720342,2.757
04013611000,33.731013,-112.2365683,2.085
04013611100,33.7218793,-112.2496844,2.065
04013611200,33.7109623,-112.2114406,1.898
04013611300,33.7800563,-112.1502101,21.715
04013611400,33.7281316,-112.1955331,2.084
04013611500,33.7248764,-112.1753903,2.152
04013611600,33.7200705,-112.1508346,1.729
04013611700,33.7051902,-112.1775813,2.914
04013611800,33.7055157,-112.1436291,0.995
04013611900,33.7239685,-112.1329974,4.074
04013612000,33.7872015,-112.0784639,5.676
04013612200,33.7526141,-112.0901571,8.871
04013612301,33.708683,-112.0801056,7.568
04013612302,33.7352131,-112.1134541,1.414
04013612401,33.6968013,-112.0389218,1.337
04013612402,33.7508957,-112.0319677,20.233
04013612500,33.7865315,-111.9835402,2.634
04013612600,33.7643659,-111.990316,0.512
04013612700,33.7597212,-111.9796477,0.886
04013612800,33.7467964,-111.9875678,0.847
04013612900,33.748082,-111.9690731,0.956
04013613000,33.7793097,-111.9569306,3.87
04013613100,33.78911,-111.940537,2.255
04013613200,33.7556916,-111.9432722,4.01
04013613300,33.718997,-111.9674434,14.608
04013613400,33.6825949,-112.295408,1.489
04013613500,33.681154,-112.2836805,1.018
04013613601,33.6744005,-112.2717005,0.922
04013613602,33.6890519,-112.2656422,1.475
04013613700,33.6725855,-112.2539708,0.91
04013613800,33.6842501,-112.2456849,1.434
04013613900,33.6832173,-112.2302999,1.695
04013614000,33.6890347,-112.211794,1.0
04013614100,33.6735234,-112.2158116,1.271
04013614200,33.6834538,-112.1965221,1.975
04013614300,33.6918675,-112.1616595,4.739
04013614400,33.6769046,-112.1421875,0.927
04013614500,33.6916139,-112.1237614,1.365
04013614601,33.6764043,-112.1302956,0.519
04013614602,33.6764202,-112.1192741,0.786
04013614700,33.6893967,-112.0876317,5.74
04013614800,33.6727311,-112.0866239,0.762
04013614900,33.6801526,-112.0417771,2.232
04013615001,33.6920518,-112.0070068,2.381
04013615002,33.6732715,-111.9977415,3.369
04013615100,33.6905962,-111.9784915,0.871
04013615201,33.6785364,-111.9410953,8.209
04013615202,33.6851361,-111.9643115,2.077
04013615300,33.6597734,-112.3007226,1.038
04013615400,33.6597444,-112.2813921,1.002
04013615500,33.6612565,-112.265831,1.009
04013615600,33.6602914,-112.2446551,1.187
04013615700,33.6584742,-112.2267141,0.763
04013615800,33.6553978,-112.2120123,1.011
04013615900,33.6611787,-112.1954932,0.935
04013616000,33.6614423,-112.1778366,0.963
04013616100,33.6654649,-112.160561,0.537
04013616200,33.6580902,-112.1604028,0.477
04013616300,33.6621371,-112.1432751,1.04
04013616400,33.6612535,-112.1205818,1.173
04013616500,33.6616059,-112.1067463,0.777
04013616600,33.6619201,-112.0913975,0.98
04013616700,33.6617256,-112.0742002,0.956
04013616800,33.6619108,-112.0570746,0.953
04013616900,33.6625505,-112.0392348,1.063
04013617001,33.6752334,-112.0225055,0.395
04013617002,33.6638202,-112.0221618,1.184
04013617100,33.6672757,-112.0073247,0.511
04013617200,33.6588374,-112.0067861,0.396
04013617300,33.6580405,-111.9915875,0.425
04013617400,33.6479972,-112.2983868,2.649
04013617500,33.6466847,-112.2693812,1.263
04013617600,33.64568,-112.246348,0.948
04013617700,33.6452166,-112.2292509,1.044
04013617800,33.6470072,-112.2098091,1.094
04013617900,33.6445885,-112.1949954,0.922
04013618000,33.6466694,-112.1777514,1.067
04013618100,33.6462322,-112.1636304,1.048
04013618200,33.6509826,-112.143182,0.504
04013618300,33.6433998,-112.1431656,0.546
04013618400,33.6510443,-112.1245354,0.575
04013618500,33.643589,-112.1248723,0.582
04013618600,33.6472713,-112.1073368,0.886
04013618700,33.6510365,-112.0912816,0.486
04013618800,33.6437995,-112.0912883,0.486
04013618900,33.6465683,-112.0756239,0.993
04013619000,33.6512354,-112.0569397,0.498
04013619100,33.6439454,-112.0633645,0.126
04013619200,33.6439834,-112.0547013,0.374
04013619300,33.6513488,-112.0395987,0.506
04013619400,33.6440787,-112.0395291,0.5
04013619500,33.6478148,-112.0221949,0.999
04013619601,33.6473011,-111.9987922,0.291
04013619602,33.6511213,-112.0069569,0.705
04013619700,33.6515895,-111.9868183,0.544
04013619800,33.6442985,-111.9867651,0.547
04013619900,33.6461076,-111.9641098,1.328
04013723304,33.2228914,-112.3881767,288.438
04013723305,32.9198542,-113.1159749,509.214
04013723306,32.9669436,-112.4340439,891.283
04013723307,33.3693212,-112.4319377,7.357
04013723309,33.3339312,-112.4163488,6.909
04013723310,33.333626,-112.4367832,1.347
04013723311,33.3235434,-112.4517935,6.189
04013810000,33.3293373,-111.9586359,1.074
04013810100,33.329357,-111.922235,1.991
04013810200,33.323858,-111.9025159,0.501
04013810300,33.3276299,-111.8849578,0.99
04013810400,33.3154067,-111.9589091,2.097
04013810500,33.3133782,-111.9361379,1.122
04013810600,33.3154956,-111.9193276,1.375
04013810700,33.3129045,-111.9028025,0.97
04013810800,33.3131884,-111.8853929,1.048
04013810900,33.2981969,-111.9365742,1.05
04013811000,33.2981368,-111.9193707,0.947
04013811100,33.2983287,-111.9026915,0.972
04013811200,33.2978732,-111.884731,1.148
04013811300,33.3244275,-111.8155414,0.497
04013811400,33.3135713,-111.8155298,0.993
04013811500,33.3102157,-111.7983227,0.511
04013811600,33.2990273,-111.81557,1.003
04013811700,33.2991347,-111.7982985,1.007
04013811800,33.2831083,-111.885511,0.957
04013811900,33.2838493,-111.8674476,1.057
04013812000,33.2840817,-111.8501728,1.017
04013812100,33.287549,-111.8136103,1.687
04013812200,33.2688801,-111.8759427,2.034
04013812300,33.2692722,-111.8500062,0.989
04013812400,33.2686292,-111.8045641,6.37
04013812500,33.268879,-111.7843237,0.444
04013812600,33.2570673,-111.8736279,1.452
04013812700,33.2541964,-111.8506414,1.104
04013812801,33.2557023,-111.7811138,0.969
04013812802,33.2559223,-111.7974145,1.0
04013812900,33.2390719,-111.8692301,0.742
04013813000,33.2340884,-111.8512644,2.26
04013813100,33.2404309,-111.8326323,1.009
04013813200,33.2407344,-111.8153055,0.997
04013813300,33.2411878,-111.7895164,1.978
04013813400,33.2186197,-111.8325633,2.015
04013813500,33.2243965,-111.8108669,1.996
04013813600,33.2264862,-111.7723597,1.973
04013813700,33.2111576,-111.8497733,0.994
04013813800,33.2116679,-111.8151375,1.0
04013813900,33.211912,-111.7977869,0.993
04013814000,33.2119505,-111.7808712,0.959
04013814100,33.211967,-111.7640222,0.989
04013814200,33.3322863,-111.8176975,0.485
04013814300,33.3281393,-111.7984565,0.979
04013814400,33.3283005,-111.7814918,0.981
04013814500,33.3284094,-111.7643407,0.999
04013814600,33.3213634,-111.747466,1.986
04013814700,33.3264204,-111.7332527,0.98
04013814801,33.3321976,-111.7042081,1.024
04013814802,33.3249906,-111.7041038,0.941
04013814900,33.3149425,-111.7869451,1.457
04013815000,33.3139321,-111.7646489,0.949
04013815100,33.3140755,-111.7303121,1.054
04013815201,33.314716,-111.6944018,1.093
04013815202,33.3106357,-111.7125089,0.497
04013815203,33.3178614,-111.7125663,0.495
04013815300,33.295471,-111.7816178,1.495
04013815401,33.2845812,-111.7423867,2.489
04013815402,33.2951212,-111.762801,1.753
04013815501,33.2991976,-111.731348,1.179
04013815502,33.3014738,-111.7474296,0.686
04013815601,33.3008625,-111.698359,1.087
04013815602,33.2981284,-111.7120433,0.902
04013815700,33.2861635,-111.7129746,0.864
04013815800,33.284457,-111.6970011,1.086
04013815901,33.2720015,-111.7629539,2.925
04013815902,33.2558377,-111.7553152,2.022
04013816001,33.2662307,-111.730226,1.55
04013816002,33.246907,-111.7275893,1.615
04013816003,33.2411589,-111.755432,2.032
04013816004,33.2114452,-111.733743,1.546
04013816005,33.2239865,-111.7404553,2.523
04013816100,33.2694864,-111.708585,1.103
04013816200,33.2729999,-111.693466,0.709
04013816301,33.256894,-111.6942796,1.11
04013816302,33.2558983,-111.7117957,1.049
04013816401,33.241,-111.7118845,1.015
04013816402,33.2185218,-111.7122846,1.868
04013816501,33.2277062,-111.6977013,0.884
04013816502,33.2158225,-111.6901623,2.312
04013816600,33.2736959,-111.6790785,1.167
04013816700,33.2572087,-111.677526,1.083
04013816800,33.2588353,-111.6553095,2.489
04013816901,33.2392822,-111.5955564,2.122
04013816902,33.2558363,-111.6002581,1.98
04013816903,33.259692,-111.6242528,0.876
04013816904,33.2720505,-111.6220011,4.456
04013817000,33.2416507,-111.656567,3.001
04013817101,33.231,-111.6198616,1.065
04013817102,33.2471804,-111.6293247,0.534
04013817103,33.2370687,-111.6140859,1.068
04013817200,33.2175055,-111.6388018,10.327
04013817300,33.224064,-111.8708141,1.983
04013817400,33.2092441,-111.8860421,1.011
04013817500,33.2109369,-111.867066,1.016
04013817600,33.3117564,-111.6314193,17.322
04013940700,32.5696,-112.417556,148.059
04013941000,33.2885042,-112.175002,114.834
04013941100,33.2338075,-111.9576919,34.892
04013941200,33.6461625,-111.6598954,38.577
04013941300,33.5222009,-111.7981089,82.123
04013980100,32.7253646,-112.9041112,1124.607
04013980400,33.2980736,-111.9587909,1.512
04013980500,33.2439248,-111.8863309,1.384
04013980700,33.6921146,-111.7598427,32.942
04013980900,33.3384622,-112.3795181,15.852
04013981000,33.4549546,-112.0258494,0.248
04021000201,33.3617396,-111.2381286,305.403
04021000204,33.270877,-111.5700008,10.235
04021000206,33.2055385,-111.5420815,9.035
04021000208,33.1528907,-111.4745273,24.887
04021000211,33.1544201,-111.5390551,2.098
04021000212,33.1325961,-111.5189657,4.351
04021000215,33.1569,-111.6387764,31.4
04021000216,33.2419877,-111.5172763,1.307
04021000217,33.2303536,-111.4366183,106.275
04021000218,33.2260207,-111.554381,0.829
04021000219,33.2434357,-111.556314,0.673
04021000220,33.2365888,-111.55285,0.494
04021000221,33.1743704,-111.5969629,1.142
04021000222,33.1875459,-111.6048431,1.504
04021000223,33.1994956,-111.6015029,1.977
04021000224,33.2002865,-111.5736147,1.466
04021000225,33.1853851,-111.5862945,0.605
04021000226,33.1756062,-111.5582194,3.836
04021000227,33.1487219,-111.5602043,0.811
04021000228,33.1381356,-111.5503267,0.688
04021000229,33.1368656,-111.563931,5.37
04021000307,33.4508459,-111.5386902,10.3
04021000309,33.4260201,-111.5546824,1.498
04021000310,33.4204328,-111.5259361,3.298
04021000311,33.431705,-111.4926992,6.403
04021000312,33.4113667,-111.5637657,0.971
04021000313,33.4005789,-111.5719817,0.999
04021000315,33.4008033,-111.5293902,1.966
04021000316,33.385386,-111.4658192,12.311
04021000317,33.3862691,-111.565507,1.988
04021000319,33.344615,-111.4984439,36.785
04021000320,33.4186958,-111.571996,0.502
04021000321,33.4295744,-111.572019,0.998
04021000322,33.3969465,-111.5547279,0.497
04021000323,33.4041955,-111.5547092,0.499
04021000324,33.3863148,-111.5200195,1.026
04021000325,33.3860498,-111.5374229,1.007
04021000400,33.2774212,-111.0850209,36.314
04021000603,32.5226621,-110.9026082,3.542
04021000604,32.5506259,-110.8592663,36.178
04021000700,32.6090945,-110.6415126,20.735
04021000802,32.7476259,-111.1996372,934.203
04021000804,33.0601395,-111.4340743,34.472
04021000805,33.0927196,-111.4759886,8.532
04021000806,33.0675596,-111.4975578,10.378
04021000807,33.034094,-111.3667923,1.728
04021000808,33.0423041,-111.2722291,83.041
04021000902,33.0153046,-111.4141753,3.622
04021000903,33.0411154,-111.3746829,0.317
04021000904,33.0462062,-111.3790372,3.232
04021001000,32.97727,-111.5023237,14.274
04021001100,32.9840426,-111.5540354,15.687
04021001200,32.9049354,-111.5646675,89.193
04021001303,32.9489659,-111.690199,17.01
04021001305,32.9236049,-111.7397102,4.115
04021001306,32.9014574,-111.739916,2.04
04021001307,32.9087965,-111.7740615,3.932
04021001308,32.9452762,-111.7739979,6.064
04021001309,32.9148098,-111.705961,5.723
04021001310,32.9604616,-111.7378486,7.515
04021001403,32.8868409,-111.7486392,1.013
04021001404,32.8868468,-111.7313053,1.012
04021001405,32.8869187,-111.7048879,2.088
04021001406,32.8553619,-111.7413127,7.151
04021001407,32.853456,-111.7035924,7.373
04021001408,32.8645508,-111.6698954,8.052
04021001500,32.8663024,-111.7809967,11.627
04021001600,32.9011785,-111.8479858,114.778
04021001701,33.0348282,-112.155609,37.643
04021001704,33.0491069,-112.0598849,1.69
04021001705,33.0789461,-112.0255707,1.547
04021001706,33.0648612,-112.0392778,0.94
04021001707,33.0517249,-112.0409322,1.003
04021001709,33.0731861,-112.0048063,2.012
04021001712,33.0619411,-111.9748342,6.786
04021001713,33.0511274,-112.0050147,1.01
04021001714,33.0240423,-111.9858503,21.567
04021001715,33.0760738,-112.0603814,4.825
04021001716,33.0513738,-112.0221389,1.008
04021001717,33.0666041,-112.0240615,1.008
04021001900,32.7831625,-111.6667915,43.628
04021002001,32.8127701,-111.609295,23.413
04021002004,32.7556079,-111.5375952,6.936
04021002005,32.8141161,-111.5411188,16.14
04021002104,32.7479303,-111.662053,1.922
04021002105,32.7503053,-111.6859713,2.956
04021002106,32.683903,-111.6600817,133.791
04021002107,32.572142,-111.520831,254.444
04021002200,32.8401884,-110.8896496,572.565
04021002300,33.1734414,-111.1026491,377.045
04021002400,32.8240189,-110.5867622,593.695
04021941200,33.0826912,-111.6927414,191.337
04021941300,33.1360688,-112.0019481,244.525
04021941401,32.9329373,-112.1237742,106.432
04021941402,32.7153071,-111.9923352,626.424
